,answer_count,articles_count,avatar_url,avatar_url_template,badge,follower_count,gender,headline,id,is_advertiser,is_followed,is_following,is_org,name,type,url,url_token,user_type
0,122,0,https://pic3.zhimg.com/v2-05bb062462646fff28e1f25437f8c96e_is.jpg,https://pic3.zhimg.com/v2-05bb062462646fff28e1f25437f8c96e_{size}.jpg,[],1279,0,,0fdc2a5e35aa5e47324f6f757b417e90,False,False,False,False,妍妍儿,people,http://www.zhihu.com/api/v4/people/0fdc2a5e35aa5e47324f6f757b417e90,yan-yan-er-58-96,people
1,9,1,https://pic4.zhimg.com/v2-a88933883b709496420e528ff980920f_is.jpg,https://pic4.zhimg.com/v2-a88933883b709496420e528ff980920f_{size}.jpg,[],122,0,后MBA时代的产品狗_公众号Abbyship,2ac18a27e57f4344a6bc05d4eea3c375,False,False,False,False,Abby Tsui,people,http://www.zhihu.com/api/v4/people/2ac18a27e57f4344a6bc05d4eea3c375,abby_tunes,people
2,12,0,https://pic3.zhimg.com/v2-37ceafe2dd4afec9cd60f8bdf81764a6_is.jpg,https://pic3.zhimg.com/v2-37ceafe2dd4afec9cd60f8bdf81764a6_{size}.jpg,[],120,0,不接受任何反驳,e9b73b5c05974aa3507bf68a878b8d33,False,False,False,False,渡边千树,people,http://www.zhihu.com/api/v4/people/e9b73b5c05974aa3507bf68a878b8d33,ni-wo-ni-43,people
3,20,0,https://pic1.zhimg.com/ac24f4d94_is.jpg,https://pic1.zhimg.com/ac24f4d94_{size}.jpg,[],3070,0,羡慕但不盲从，知足更知火候。,70c2801254e2830ca5ce87adb355a533,False,False,False,False,叶彬彬,people,http://www.zhihu.com/api/v4/people/70c2801254e2830ca5ce87adb355a533,xie-bin-bin-46,people
4,251,0,https://pic2.zhimg.com/8bca436e90541fb79e4f15201a2fd865_is.jpg,https://pic2.zhimg.com/8bca436e90541fb79e4f15201a2fd865_{size}.jpg,[],643,1,我要认真答题了,ed449e5fb275f4c783beec638d02908f,False,False,False,False,北妖,people,http://www.zhihu.com/api/v4/people/ed449e5fb275f4c783beec638d02908f,beiyao,people
5,14,0,https://pic1.zhimg.com/v2-c7bf8f5fe5c35754cf31b749437ef140_is.jpg,https://pic1.zhimg.com/v2-c7bf8f5fe5c35754cf31b749437ef140_{size}.jpg,[],151,0,每天都在写bug,a8bac34c8d87dbfe162093d791d8d582,False,False,False,False,雪莉盛,people,http://www.zhihu.com/api/v4/people/a8bac34c8d87dbfe162093d791d8d582,sheng-sen-40,people
6,0,1,https://pic3.zhimg.com/v2-0881e0ea6f7619c3c5ca71021ea3cfc6_is.jpg,https://pic3.zhimg.com/v2-0881e0ea6f7619c3c5ca71021ea3cfc6_{size}.jpg,[],853,0,账号已注销,35e833a51d256935665b5c0e287f511a,False,False,False,False,沐剑屏,people,http://www.zhihu.com/api/v4/people/35e833a51d256935665b5c0e287f511a,wang-er-de-de-mao-zi,people
7,2,0,https://pic1.zhimg.com/da8e974dc_is.jpg,https://pic1.zhimg.com/da8e974dc_{size}.jpg,[],230,0,丢失地图的少年旅行家，律师,596152b596b5d8896af1210e30b9888a,False,False,False,False,伊比利亚半岛的夏天,people,http://www.zhihu.com/api/v4/people/596152b596b5d8896af1210e30b9888a,yi-bi-li-ya-ban-dao-de-xia-tian,people
8,3,0,https://pic1.zhimg.com/v2-e1cb04cdc33138e1f48f68d892133228_is.jpg,https://pic1.zhimg.com/v2-e1cb04cdc33138e1f48f68d892133228_{size}.jpg,[],277,0,,b885586df81039be6b7ec7660ebef37f,False,False,False,False,jennifer111,people,http://www.zhihu.com/api/v4/people/b885586df81039be6b7ec7660ebef37f,li-zi-61-70,people
9,1,0,https://pic3.zhimg.com/v2-dec9a34557c7a7fea625fdab30171b06_is.jpg,https://pic3.zhimg.com/v2-dec9a34557c7a7fea625fdab30171b06_{size}.jpg,[],892,0,My stupid idealism or darkness?,3800913c5052d24bc034ff7eb35ebdac,False,False,False,False,桃子的小熊子,people,http://www.zhihu.com/api/v4/people/3800913c5052d24bc034ff7eb35ebdac,tao-zi-de-xiao-xiong-zi,people
10,1,0,https://pic2.zhimg.com/v2-e621024fc13f0282b9ac4bc7c7ba8199_is.jpg,https://pic2.zhimg.com/v2-e621024fc13f0282b9ac4bc7c7ba8199_{size}.jpg,[],218,0,自由职业,890bec8d1f70341befabdcf9d8f330b5,False,False,False,False,凌晨,people,http://www.zhihu.com/api/v4/people/890bec8d1f70341befabdcf9d8f330b5,ling-chen-80-57,people
11,7,0,https://pic4.zhimg.com/82bfc3dbdc8861c6914623d1cfd8833b_is.jpg,https://pic4.zhimg.com/82bfc3dbdc8861c6914623d1cfd8833b_{size}.jpg,[],453,0,微博@胡士托的崽/食量不同不能成为朋友( ??д?? ),d21d698aeb639b9aab956c950e56722f,False,False,False,False,胡士托的崽,people,http://www.zhihu.com/api/v4/people/d21d698aeb639b9aab956c950e56722f,ya-yi-49,people
12,16,0,https://pic3.zhimg.com/v2-e1262d4ed44cedcae15886c42a580466_is.jpg,https://pic3.zhimg.com/v2-e1262d4ed44cedcae15886c42a580466_{size}.jpg,[],110,0,有太多种可能,e300c3b475b32666f890d76186ca51cd,False,False,False,False,九,people,http://www.zhihu.com/api/v4/people/e300c3b475b32666f890d76186ca51cd,zoe-21-95,people
13,59,2,https://pic1.zhimg.com/v2-d5839a425ff2f26e70a2ba6317d44568_is.jpg,https://pic1.zhimg.com/v2-d5839a425ff2f26e70a2ba6317d44568_{size}.jpg,[],71,0,愿你被世界温柔以待。,ef1fa2fc308d68e38a1d767bae41b768,False,False,False,False,Nonin,people,http://www.zhihu.com/api/v4/people/ef1fa2fc308d68e38a1d767bae41b768,aquamarine-91,people
14,35,0,https://pic3.zhimg.com/v2-b8fe7bb73e871d7a03e9bedc4129e4f2_is.jpg,https://pic3.zhimg.com/v2-b8fe7bb73e871d7a03e9bedc4129e4f2_{size}.jpg,[],1961,0,一只在意呆梨学习歌剧的唱歌喵? ????,21602ba6211bd742bec608e08c16e7d8,False,False,False,False,程嫒,people,http://www.zhihu.com/api/v4/people/21602ba6211bd742bec608e08c16e7d8,chengai,people
15,30,0,https://pic3.zhimg.com/v2-4a916c3697d9ca9b84bac1c3fd9abc12_is.jpg,https://pic3.zhimg.com/v2-4a916c3697d9ca9b84bac1c3fd9abc12_{size}.jpg,[],133,0,研究僧/普通得不像话/性感的body&amp;brain是一生所求,22ad4259b9b301ed6d05749e0488c375,False,False,False,False,zheng,people,http://www.zhihu.com/api/v4/people/22ad4259b9b301ed6d05749e0488c375,huang-zheng-48-77,people
16,6,0,https://pic4.zhimg.com/v2-e93a38df9071dc2b4cc27f148a761f9b_is.jpg,https://pic4.zhimg.com/v2-e93a38df9071dc2b4cc27f148a761f9b_{size}.jpg,[],7272,0,性格温柔 脾气暴躁 郑韩风骨 莫问前程,057d09ce9cba9ca2ddbc2931aaa1d64d,False,False,False,False,Rane,people,http://www.zhihu.com/api/v4/people/057d09ce9cba9ca2ddbc2931aaa1d64d,raneachlys,people
17,306,0,https://pic1.zhimg.com/v2-ef784680513d8095ab21686a3d4f6d30_is.jpg,https://pic1.zhimg.com/v2-ef784680513d8095ab21686a3d4f6d30_{size}.jpg,[],7564,0,软甜可口,1057f1df42f55a3d54d7f5a33d41ac6e,False,False,False,False,Lunalovesyou,people,http://www.zhihu.com/api/v4/people/1057f1df42f55a3d54d7f5a33d41ac6e,merci-99-22,people
18,25,1,https://pic1.zhimg.com/v2-75b4eda180ee3aa9b27f06bfd243c114_is.jpg,https://pic1.zhimg.com/v2-75b4eda180ee3aa9b27f06bfd243c114_{size}.jpg,[],4482,0,社区广场舞比赛第一名。,ca838d0bc6df38494ce701bfe4ed3d80,False,False,False,False,吃不胖的小猫,people,http://www.zhihu.com/api/v4/people/ca838d0bc6df38494ce701bfe4ed3d80,eudora-68-31,people
19,4,0,https://pic2.zhimg.com/v2-4985433d1f09c9ec52a907df3b99bac9_is.jpg,https://pic2.zhimg.com/v2-4985433d1f09c9ec52a907df3b99bac9_{size}.jpg,[],860,0,传播学 / 没有特长 / 对啥都有兴趣,ed0e9485717e5f6d075131315e9aa0d4,False,False,False,False,泪一脸,people,http://www.zhihu.com/api/v4/people/ed0e9485717e5f6d075131315e9aa0d4,lu-luan-luan,people
20,77,1,https://pic3.zhimg.com/v2-60245ae62a8f6a549ecd30bb546b056e_is.jpg,https://pic3.zhimg.com/v2-60245ae62a8f6a549ecd30bb546b056e_{size}.jpg,[],60858,1,做一个青史留名的好老公,6e8e5b1439390b02c781b210bd8e4769,False,False,False,False,顾宇,people,http://www.zhihu.com/api/v4/people/6e8e5b1439390b02c781b210bd8e4769,hubertuswi,people
21,84,0,https://pic2.zhimg.com/v2-352ec59a4c01b38033c9d3f3f04efd61_is.jpg,https://pic2.zhimg.com/v2-352ec59a4c01b38033c9d3f3f04efd61_{size}.jpg,[],3713,0,我不胖 真的 我只是脸大,25eb5f345ccfb3ed637e2c1bceadb923,False,False,False,False,软清,people,http://www.zhihu.com/api/v4/people/25eb5f345ccfb3ed637e2c1bceadb923,bu-ai-chi-ying-tao,people
22,66,13,https://pic1.zhimg.com/v2-045a92a416f08e9aa2d87e2d7a39e9e4_is.jpg,https://pic1.zhimg.com/v2-045a92a416f08e9aa2d87e2d7a39e9e4_{size}.jpg,[],14904,0,慢养孩子，静待花开。,8efe8fc03d002cc07cf94269d653e99a,False,False,False,False,帅姐姐就是原老师,people,http://www.zhihu.com/api/v4/people/8efe8fc03d002cc07cf94269d653e99a,yuanshuai1020,people
23,1174,3,https://pic3.zhimg.com/v2-87fa7b640d561eb95c3829e27c529636_is.jpg,https://pic3.zhimg.com/v2-87fa7b640d561eb95c3829e27c529636_{size}.jpg,[],2371,1,知乎最后一个处男,b73ae1392b67586468afc607f72dd54e,False,False,False,False,Nao-diamond,people,http://www.zhihu.com/api/v4/people/b73ae1392b67586468afc607f72dd54e,nao-diamond,people
24,365,0,https://pic4.zhimg.com/d05507bbff7d5073ff1879278965a253_is.jpg,https://pic4.zhimg.com/d05507bbff7d5073ff1879278965a253_{size}.jpg,[],16272,1,脾气不好，别逗我笑,80c413cd4ce4b2928d48e324f5bdc6bf,False,False,False,False,大momo,people,http://www.zhihu.com/api/v4/people/80c413cd4ce4b2928d48e324f5bdc6bf,da-momo-93,people
25,3,0,https://pic3.zhimg.com/v2-e2786fdffaffa829092a063baaa282ea_is.jpg,https://pic3.zhimg.com/v2-e2786fdffaffa829092a063baaa282ea_{size}.jpg,[],1016,0,,c2ad3a8338aedf2ba0588a4b1cf1722f,False,False,False,False,Joyce,people,http://www.zhihu.com/api/v4/people/c2ad3a8338aedf2ba0588a4b1cf1722f,joyce-67-51,people
26,2,0,https://pic2.zhimg.com/v2-872f6fae0df34ff5668ffd708ba26fad_is.jpg,https://pic2.zhimg.com/v2-872f6fae0df34ff5668ffd708ba26fad_{size}.jpg,[],286,0,热爱生活，优容人性,c76a06a8e01559c69c90cb762a1ae193,False,False,False,False,Vianna,people,http://www.zhihu.com/api/v4/people/c76a06a8e01559c69c90cb762a1ae193,xiao-wei-71-27-54,people
27,19,0,https://pic3.zhimg.com/v2-446aa8be05c64c65140fc6b6b7834eda_is.jpg,https://pic3.zhimg.com/v2-446aa8be05c64c65140fc6b6b7834eda_{size}.jpg,[],220,0,哈哈哈哈哈哈哈哈哈哈,bb0b9c7ca4beeb8f71677930a86c24d6,False,False,False,False,若愚,people,http://www.zhihu.com/api/v4/people/bb0b9c7ca4beeb8f71677930a86c24d6,mu-li-59-49,people
28,3,0,https://pic1.zhimg.com/v2-3a80eb92d2610a6a50ebd94d19ea7248_is.jpg,https://pic1.zhimg.com/v2-3a80eb92d2610a6a50ebd94d19ea7248_{size}.jpg,[],645,0,微博 Ingrid猪猪仔,298f853116c747052792307ca4286365,False,False,False,False,Ingrid猪猪仔,people,http://www.zhihu.com/api/v4/people/298f853116c747052792307ca4286365,tang-qi-55-37,people
29,4,0,https://pic4.zhimg.com/v2-508be7e0c4afb032b96ac19a6d31a653_is.jpg,https://pic4.zhimg.com/v2-508be7e0c4afb032b96ac19a6d31a653_{size}.jpg,[],6848,0,微博:@罗二溪 说不定是个麻豆,cca29a517bd35969ed3319eab59190a8,False,False,False,False,罗二溪,people,http://www.zhihu.com/api/v4/people/cca29a517bd35969ed3319eab59190a8,luo-er-xi-38,people
30,7,0,https://pic3.zhimg.com/f0a75309e_is.jpg,https://pic3.zhimg.com/f0a75309e_{size}.jpg,[],90,1,,329550efd5cac72b2fffc996bb21d5d8,False,False,False,False,郭靖,people,http://www.zhihu.com/api/v4/people/329550efd5cac72b2fffc996bb21d5d8,guo-ping-yang,people
31,37,1,https://pic1.zhimg.com/v2-c0447d07e2febfd03d5cd8ed3ede9504_is.jpg,https://pic1.zhimg.com/v2-c0447d07e2febfd03d5cd8ed3ede9504_{size}.jpg,[],5874,0,我有一座避难岛，欢迎登岛（公众号：refuge117）,80b832016f324ae61a96ffaeed0bfb51,False,False,False,False,芙安君,people,http://www.zhihu.com/api/v4/people/80b832016f324ae61a96ffaeed0bfb51,fu-an-jun,people
32,12,0,https://pic4.zhimg.com/v2-bfc7300053c7a0ee0456d5bbfe89560b_is.jpg,https://pic4.zhimg.com/v2-bfc7300053c7a0ee0456d5bbfe89560b_{size}.jpg,[],1037,0,大概是受气包体质,4c74ce2af8211a4f0b21105b8a509cea,False,False,False,False,闻风铃,people,http://www.zhihu.com/api/v4/people/4c74ce2af8211a4f0b21105b8a509cea,wen-ling-14-5,people
33,215,35,https://pic3.zhimg.com/8ab7eba9a7badfabb4d345598988e0d2_is.jpg,https://pic3.zhimg.com/8ab7eba9a7badfabb4d345598988e0d2_{size}.jpg,[],15635,0,小龄非单身女/大提琴从业者/骗赞狂魔,cf7316d3afac3d9e6ae03341b4d79f55,False,False,False,False,裳Ashelia,people,http://www.zhihu.com/api/v4/people/cf7316d3afac3d9e6ae03341b4d79f55,chang-ashelia,people
34,1,0,https://pic2.zhimg.com/26d45179e66bc2d107381b79d40848e1_is.jpg,https://pic2.zhimg.com/26d45179e66bc2d107381b79d40848e1_{size}.jpg,[],798,0,iOS 开发工程师,acb8a30cad0a21b1824bdc2bc62f45fb,False,False,False,False,小九九,people,http://www.zhihu.com/api/v4/people/acb8a30cad0a21b1824bdc2bc62f45fb,zhang-jia-hui-kiyomi,people
35,2,0,https://pic4.zhimg.com/v2-8643c0dfe2fee90ba45cdcc2c8e07edf_is.jpg,https://pic4.zhimg.com/v2-8643c0dfe2fee90ba45cdcc2c8e07edf_{size}.jpg,[],1142,0,某乎小透明。,0fd6d7a2f7832e32ef4850daf718ac90,False,False,False,False,Laura,people,http://www.zhihu.com/api/v4/people/0fd6d7a2f7832e32ef4850daf718ac90,laura-97-19,people
36,48,0,https://pic4.zhimg.com/v2-54d15de4949ea76812340c54a2ee4067_is.jpg,https://pic4.zhimg.com/v2-54d15de4949ea76812340c54a2ee4067_{size}.jpg,[],474,0,女大学生，魔武双修。,9bea9011f43372ea82ab4f24218e4505,False,False,False,False,万阿咸,people,http://www.zhihu.com/api/v4/people/9bea9011f43372ea82ab4f24218e4505,wan-a-xian-58,people
37,0,0,https://pic4.zhimg.com/v2-6a3d374974decfc029d08117738a83c3_is.jpg,https://pic4.zhimg.com/v2-6a3d374974decfc029d08117738a83c3_{size}.jpg,[],1075,0,生活就像游戏，总是从零开始,38a6c990dd9b98e4e197d392228fb86c,False,False,False,False,Amanda,people,http://www.zhihu.com/api/v4/people/38a6c990dd9b98e4e197d392228fb86c,amanda-10-65,people
38,246,62,https://pic4.zhimg.com/fdb8a75e59db51fd9d77bdf238f6ee9b_is.jpg,https://pic4.zhimg.com/fdb8a75e59db51fd9d77bdf238f6ee9b_{size}.jpg,[],27727,1,动画作者《红领巾与王小明》；纪录片导演《次元爱》,a8fb14b55ef471008cb0c7a693495ccc,False,False,False,False,DC-非凡大陆,people,http://www.zhihu.com/api/v4/people/a8fb14b55ef471008cb0c7a693495ccc,dczld,people
39,8,28,https://pic1.zhimg.com/v2-9c422a800be4157d9934d8cecf0cd260_is.jpg,https://pic1.zhimg.com/v2-9c422a800be4157d9934d8cecf0cd260_{size}.jpg,[],10250,0,摄影师，写作者。知乎live有人像摄影小课~,e5f77f230a75598cbb807de968b3b6d8,False,False,False,False,杜扬Seatory,people,http://www.zhihu.com/api/v4/people/e5f77f230a75598cbb807de968b3b6d8,seatory,people
40,3,0,https://pic3.zhimg.com/cad833ecf0ddc441ee6538ec6e2df2ca_is.jpg,https://pic3.zhimg.com/cad833ecf0ddc441ee6538ec6e2df2ca_{size}.jpg,[],165,0,普通人,e90a7184485c4539cea0dfe8e05f043f,False,False,False,False,管穷阿姨,people,http://www.zhihu.com/api/v4/people/e90a7184485c4539cea0dfe8e05f043f,guan-qiong-a-yi,people
41,23,0,https://pic4.zhimg.com/v2-e7a94babe34f44f76410fe3b7ca07b33_is.jpg,https://pic4.zhimg.com/v2-e7a94babe34f44f76410fe3b7ca07b33_{size}.jpg,[],2993,0,看上去是老阿姨的普通高中生。,80298d1b2091279e919296cfd7f06eab,False,False,False,False,七木,people,http://www.zhihu.com/api/v4/people/80298d1b2091279e919296cfd7f06eab,jiang-ke-yi-90,people
42,6,0,https://pic4.zhimg.com/d2016e1fdda8ed3fcd51d2e8d945a9e7_is.jpg,https://pic4.zhimg.com/d2016e1fdda8ed3fcd51d2e8d945a9e7_{size}.jpg,[],3246,0,叫我女王大人,21b1c1dbcebcdb7b4e691c93d04da599,False,False,False,False,绚香,people,http://www.zhihu.com/api/v4/people/21b1c1dbcebcdb7b4e691c93d04da599,xuan-xiang-93,people
43,9,0,https://pic3.zhimg.com/v2-aaeee97d7172a70bbb69c5d752a4150e_is.jpg,https://pic3.zhimg.com/v2-aaeee97d7172a70bbb69c5d752a4150e_{size}.jpg,[],44,0,,d9581ed8baa17857e06cf9eeed045556,False,False,False,False,lynn,people,http://www.zhihu.com/api/v4/people/d9581ed8baa17857e06cf9eeed045556,yuenlam-tam,people
44,1,0,https://pic2.zhimg.com/180cb141587a4694135e586bb295b78d_is.jpg,https://pic2.zhimg.com/180cb141587a4694135e586bb295b78d_{size}.jpg,[],1672,0,,9191d4b2149e27567519459a4ffe3188,False,False,False,False,路漫漫,people,http://www.zhihu.com/api/v4/people/9191d4b2149e27567519459a4ffe3188,lu-man-man-28-53,people
45,3,0,https://pic3.zhimg.com/v2-773f4586bbfffc1e93d12969a678de5e_is.jpg,https://pic3.zhimg.com/v2-773f4586bbfffc1e93d12969a678de5e_{size}.jpg,[],421,0,文保考古历史学习者,e1143319e8b4a42bdeda707838f9cc28,False,False,False,False,美少女阿姨,people,http://www.zhihu.com/api/v4/people/e1143319e8b4a42bdeda707838f9cc28,sa-la-mo-you-77,people
46,2,0,https://pic4.zhimg.com/v2-eff264ac2ceae59a0140ac062eb68f97_is.jpg,https://pic4.zhimg.com/v2-eff264ac2ceae59a0140ac062eb68f97_{size}.jpg,[],2393,0,,bd6659f62741a63ea452d4efd26ec63b,False,False,False,False,狗蛋儿,people,http://www.zhihu.com/api/v4/people/bd6659f62741a63ea452d4efd26ec63b,gou-dan-er-15-93,people
47,29,0,https://pic3.zhimg.com/v2-d8d0e6986ffa455aad5fdd6947a5cab2_is.jpg,https://pic3.zhimg.com/v2-d8d0e6986ffa455aad5fdd6947a5cab2_{size}.jpg,[],69,0,大概也只会整天闲逛无所事事了吧,413ee7aa4f8c903047485bc0e9e0bb0d,False,False,False,False,余归,people,http://www.zhihu.com/api/v4/people/413ee7aa4f8c903047485bc0e9e0bb0d,jiang-sui-67,people
48,15,0,https://pic1.zhimg.com/v2-11174e08bfee616c0e12ac7010664bc0_is.jpg,https://pic1.zhimg.com/v2-11174e08bfee616c0e12ac7010664bc0_{size}.jpg,[],337,0,98年的小可爱,42b9c73362bd36282560bff7da3d1428,False,False,False,False,久之,people,http://www.zhihu.com/api/v4/people/42b9c73362bd36282560bff7da3d1428,wang-ye-qing-66,people
49,68,0,https://pic2.zhimg.com/v2-cc1fcd9dfa68e21ae2e840495afc7011_is.jpg,https://pic2.zhimg.com/v2-cc1fcd9dfa68e21ae2e840495afc7011_{size}.jpg,[],46997,1,非常熟悉西方的那一套理论,ef5397d7e552e3bcdaf43cd419909ddb,False,False,False,False,小状师张,people,http://www.zhihu.com/api/v4/people/ef5397d7e552e3bcdaf43cd419909ddb,q.zhang,people
50,206,1,https://pic4.zhimg.com/v2-587f6205e4d43ca68832ef5c462bc01b_is.jpg,https://pic4.zhimg.com/v2-587f6205e4d43ca68832ef5c462bc01b_{size}.jpg,[],8317,0,靠脸吃饭。微博：唐小曼Cindy,b8fea19ae0c9bc964ac4c3bb4653ebc7,False,False,False,False,唐小曼,people,http://www.zhihu.com/api/v4/people/b8fea19ae0c9bc964ac4c3bb4653ebc7,tangxiaoman,people
51,4,0,https://pic1.zhimg.com/v2-804f10f92634a3512921458768c3f740_is.jpg,https://pic1.zhimg.com/v2-804f10f92634a3512921458768c3f740_{size}.jpg,[],4592,0,冷漠牙套妹,0e5516e528316bac7b05df9494e2ce4d,False,False,False,False,郑雨琳,people,http://www.zhihu.com/api/v4/people/0e5516e528316bac7b05df9494e2ce4d,zhang-jin-rong-51-39,people
52,57,0,https://pic3.zhimg.com/v2-55112c6c5de90df0ef30207f3b8fbf16_is.jpg,https://pic3.zhimg.com/v2-55112c6c5de90df0ef30207f3b8fbf16_{size}.jpg,[],3324,0,一个17岁G的187CM的小可爱(划掉小可爱)一个不知名小网站签约作者,decc8cea88a3063dc1a2cd2f04a0fcfa,False,False,False,False,萌妹咂,people,http://www.zhihu.com/api/v4/people/decc8cea88a3063dc1a2cd2f04a0fcfa,da-xiong-nu-da-xiong-nu,people
53,99,7,https://pic1.zhimg.com/v2-4d1baecb96fe81ff6c9bc6f44706b074_is.jpg,https://pic1.zhimg.com/v2-4d1baecb96fe81ff6c9bc6f44706b074_{size}.jpg,[],9730,0,抱歉本宝宝不约,eb06e5b6b66da6081f2647f3fbe55c26,False,False,False,False,张北鼻,people,http://www.zhihu.com/api/v4/people/eb06e5b6b66da6081f2647f3fbe55c26,zhang-xiao-yao-12,people
54,41,0,https://pic3.zhimg.com/v2-37421d1d051af141773e7989edc4792a_is.jpg,https://pic3.zhimg.com/v2-37421d1d051af141773e7989edc4792a_{size}.jpg,[],42,0,脸盲与健忘患者,5c0da7cedc74875bf2e4c069f66bbcd1,False,False,False,False,66666,people,http://www.zhihu.com/api/v4/people/5c0da7cedc74875bf2e4c069f66bbcd1,ha-ha-hou-hou-38,people
55,26,0,https://pic1.zhimg.com/v2-9164f526e8918db7bd6cf373983daffc_is.jpg,https://pic1.zhimg.com/v2-9164f526e8918db7bd6cf373983daffc_{size}.jpg,[],1409,0,结构画图狗,84a2fdcd1cb3fe8ca0cd4d0607a80d7b,False,False,False,False,桃子湖畔,people,http://www.zhihu.com/api/v4/people/84a2fdcd1cb3fe8ca0cd4d0607a80d7b,tao-zi-hu-pan,people
56,15,0,https://pic1.zhimg.com/v2-e3dae42d43e0d3d878613f15e791b8fc_is.jpg,https://pic1.zhimg.com/v2-e3dae42d43e0d3d878613f15e791b8fc_{size}.jpg,[],3817,0,主播 时尚顾问 世界旅行达人 音乐电影迷,5b6dc7fe6e5280fc14a8d4b4cd0aaa6d,False,False,False,False,摩羯小妹纸,people,http://www.zhihu.com/api/v4/people/5b6dc7fe6e5280fc14a8d4b4cd0aaa6d,sukibaby-79,people
57,1,0,https://pic3.zhimg.com/v2-6234c6497f786266bac796b86289b90a_is.jpg,https://pic3.zhimg.com/v2-6234c6497f786266bac796b86289b90a_{size}.jpg,[],38,0,,0669a0643b4b5d06f2bdec7d7529906f,False,False,False,False,夕夏,people,http://www.zhihu.com/api/v4/people/0669a0643b4b5d06f2bdec7d7529906f,xi-xia-79-78,people
58,25,0,https://pic1.zhimg.com/v2-38c4a114dc2da45dd1c04f8b9fb0ae00_is.jpg,https://pic1.zhimg.com/v2-38c4a114dc2da45dd1c04f8b9fb0ae00_{size}.jpg,[],3927,0,微博@李雪见Viola,c6befa1ad2e75e834acb2cd783878bb8,False,False,False,False,关山雪冷,people,http://www.zhihu.com/api/v4/people/c6befa1ad2e75e834acb2cd783878bb8,guan-shan-xue-leng,people
59,42,13,https://pic1.zhimg.com/f5f73a794_is.jpg,https://pic1.zhimg.com/f5f73a794_{size}.jpg,[],3641,1,visual artist / senior visual designer,6152660359b62f392ebe4463c65ef2cf,False,False,False,False,midnight,people,http://www.zhihu.com/api/v4/people/6152660359b62f392ebe4463c65ef2cf,midnight-15,people
60,40,0,https://pic3.zhimg.com/v2-5fa83b1d3ad7626499fd7ea1580ae512_is.jpg,https://pic3.zhimg.com/v2-5fa83b1d3ad7626499fd7ea1580ae512_{size}.jpg,[],525,0,MSRA唯一医学实习生/熟练的半途而废者/6只猫铲屎官,f9461f1c173a36e6d5454e4909571650,False,False,False,False,李大海,people,http://www.zhihu.com/api/v4/people/f9461f1c173a36e6d5454e4909571650,lidahai,people
61,46,0,https://pic4.zhimg.com/v2-cca81acfdcc85b3ff049056113496007_is.jpg,https://pic4.zhimg.com/v2-cca81acfdcc85b3ff049056113496007_{size}.jpg,[],12082,0,既要好看的脸，也要有趣的灵魂。,a5a53311390302e80a2d66e62977b4e1,False,False,False,False,谢知道,people,http://www.zhihu.com/api/v4/people/a5a53311390302e80a2d66e62977b4e1,xie-zhi-dao-93,people
62,38,0,https://pic4.zhimg.com/v2-a74b9801841db8919d3b3eced80a1573_is.jpg,https://pic4.zhimg.com/v2-a74b9801841db8919d3b3eced80a1573_{size}.jpg,[],4824,0,你是钟鸣鼎食之家的豆芽菜，你是霓虹灯慢下来的人声鼎沸,a3ef6a32dc7084f3ab75ec3dc6040e31,False,False,False,False,creammilkbanana,people,http://www.zhihu.com/api/v4/people/a3ef6a32dc7084f3ab75ec3dc6040e31,creammilkbanana,people
63,57,0,https://pic1.zhimg.com/v2-2ff688fc658c5eb9ba2b0d2cac49ec50_is.jpg,https://pic1.zhimg.com/v2-2ff688fc658c5eb9ba2b0d2cac49ec50_{size}.jpg,[],6224,0,"我只是想你看我回答的时候会笑
不接受恶意批评，有喷必怼。
欢迎善意的纠正，指点",ee9bc7d6222e88e28d4f0c36ad09bc89,False,False,False,False,陈灵儿,people,http://www.zhihu.com/api/v4/people/ee9bc7d6222e88e28d4f0c36ad09bc89,qin-ling-er-87,people
64,2695,664,https://pic4.zhimg.com/v2-22a65b91c6115b77b872539fd8f63a2b_is.jpg,https://pic4.zhimg.com/v2-22a65b91c6115b77b872539fd8f63a2b_{size}.jpg,"[{'description': '小米科技 投资部 M&A', 'type': 'identity'}]",233551,0,微信公众号见个人说明,642e40fd8c4dcac56f20b3863e50d746,False,False,False,False,孙志超,people,http://www.zhihu.com/api/v4/people/642e40fd8c4dcac56f20b3863e50d746,edtall,people
65,1,0,https://pic2.zhimg.com/v2-58e7468eadb4b2ad4f29947be1387c75_is.jpg,https://pic2.zhimg.com/v2-58e7468eadb4b2ad4f29947be1387c75_{size}.jpg,[],506,0,,135435e4b811ccf311063701b0d42085,False,False,False,False,Christina,people,http://www.zhihu.com/api/v4/people/135435e4b811ccf311063701b0d42085,cheryl-92-74,people
66,3,0,https://pic1.zhimg.com/v2-006f08b0fdd0b2271e879c86b366042c_is.jpg,https://pic1.zhimg.com/v2-006f08b0fdd0b2271e879c86b366042c_{size}.jpg,[],2097,0,彩铅/书法/国画/悬疑推理爱好者/艺术假,81689572f9e0b65782e3eca34ffab8f6,False,False,False,False,紫荆花,people,http://www.zhihu.com/api/v4/people/81689572f9e0b65782e3eca34ffab8f6,zi-jing-hua-25,people
67,2,0,https://pic1.zhimg.com/v2-40b6d666983dfc0324f5c4090d73cdb0_is.jpg,https://pic1.zhimg.com/v2-40b6d666983dfc0324f5c4090d73cdb0_{size}.jpg,[],381,0,教师,b30906a0fa93b1b1720030c91335e022,False,False,False,False,Jessica,people,http://www.zhihu.com/api/v4/people/b30906a0fa93b1b1720030c91335e022,jessica-6-31-40,people
68,23,0,https://pic2.zhimg.com/v2-f517eeaa9f735b1d19139fbae04b9815_is.jpg,https://pic2.zhimg.com/v2-f517eeaa9f735b1d19139fbae04b9815_{size}.jpg,[],1038,0,睡到自然醒的考研狗,3c43e93c041092737945797febfd6af7,False,False,False,False,他们叫我流氓小姐,people,http://www.zhihu.com/api/v4/people/3c43e93c041092737945797febfd6af7,ta-men-jiao-wo-liu-mang-xiao-jie,people
69,58,0,https://pic3.zhimg.com/v2-7f58a134058fc9f7d92cc849014ec30a_is.jpg,https://pic3.zhimg.com/v2-7f58a134058fc9f7d92cc849014ec30a_{size}.jpg,[],2286,0,艺术史研究生在读/国家三级心理咨询师,11a5b0655e82b477ea612b647b2a600b,False,False,False,False,淘气少女,people,http://www.zhihu.com/api/v4/people/11a5b0655e82b477ea612b647b2a600b,fanny-20-27,people
70,12,0,https://pic4.zhimg.com/v2-b0a90895d30c2bda5f7cc43277853bdb_is.jpg,https://pic4.zhimg.com/v2-b0a90895d30c2bda5f7cc43277853bdb_{size}.jpg,[],3121,0,,ee4b9b6b94d43117741069e3e4716bfb,False,False,False,False,小可爱,people,http://www.zhihu.com/api/v4/people/ee4b9b6b94d43117741069e3e4716bfb,abbbbeylee-75,people
71,9,0,https://pic3.zhimg.com/v2-bf04668ec17c862880866047baf0024a_is.jpg,https://pic3.zhimg.com/v2-bf04668ec17c862880866047baf0024a_{size}.jpg,[],1494,0,@Oh_Nami/音工女绝不认输/CAA,d72eebc9bbc502f262f6b6784fc017e8,False,False,False,False,Nami,people,http://www.zhihu.com/api/v4/people/d72eebc9bbc502f262f6b6784fc017e8,nami-45,people
72,6,0,https://pic2.zhimg.com/v2-fef1a9d154c1af697f04de9800350179_is.jpg,https://pic2.zhimg.com/v2-fef1a9d154c1af697f04de9800350179_{size}.jpg,[],5516,0,舞蹈演员/太古里小姐姐,ca03402a71c9857da8993bb388b618ab,False,False,False,False,甘露,people,http://www.zhihu.com/api/v4/people/ca03402a71c9857da8993bb388b618ab,gan-lu-44-24-28,people
73,103,39,https://pic2.zhimg.com/43c8b9a61_is.jpg,https://pic2.zhimg.com/43c8b9a61_{size}.jpg,[],94166,1,三星国行note7燃烧事件亲历者 俗人一个 ,77cb748b2f61a311a765f4fc86a63b0a,False,False,False,False,不老的老回,people,http://www.zhihu.com/api/v4/people/77cb748b2f61a311a765f4fc86a63b0a,husky0708,people
74,8,0,https://pic3.zhimg.com/6d01eda30847dc108419602f167d88a6_is.png,https://pic3.zhimg.com/6d01eda30847dc108419602f167d88a6_{size}.png,[],1683,0,朴诚有勇 陶铸一堂 学盛国斯强,fcfaf270d962e17b74d9659f1b389f72,False,False,False,False,徐墨钦,people,http://www.zhihu.com/api/v4/people/fcfaf270d962e17b74d9659f1b389f72,xu-mo-qin-69,people
75,15,0,https://pic3.zhimg.com/v2-4471612a16b3085cfe7c82ee5caf190e_is.jpg,https://pic3.zhimg.com/v2-4471612a16b3085cfe7c82ee5caf190e_{size}.jpg,[],8436,0,猫奴/学生/滑板/hiphop/rapper/vocal/绘画/跳舞/阅读/摄影/电竞/乐器,e3faa1d9c9d11c048199ebe3aec5c111,False,False,False,False,Keacekklol,people,http://www.zhihu.com/api/v4/people/e3faa1d9c9d11c048199ebe3aec5c111,kirsten-63,people
76,0,0,https://pic1.zhimg.com/v2-d379e9afdf39e711bf7248a20cf7355c_is.jpg,https://pic1.zhimg.com/v2-d379e9afdf39e711bf7248a20cf7355c_{size}.jpg,[],142,0,爱旅游的疯子！,9effc61e1de7e3ae9eaf86d557258cb5,False,False,False,False,[已重置],people,http://www.zhihu.com/api/v4/people/9effc61e1de7e3ae9eaf86d557258cb5,thomas-60-96,people
77,190,3,https://pic2.zhimg.com/v2-1ce536402afd4fd01b4ffd65cb48b185_is.jpg,https://pic2.zhimg.com/v2-1ce536402afd4fd01b4ffd65cb48b185_{size}.jpg,"[{'description': '爱丁堡大学 地质学博士在读', 'type': 'identity'}, {'topics': [{'avatar_url': 'https://pic3.zhimg.com/v2-c668883abcdc60de403e253fbb607596_is.png', 'introduction': '一门关于地面以下的世界是什么样子的科学。', 'excerpt': '一门关于地面以下的世界是什么样子的科学。', 'type': 'topic', 'id': '19578161', 'url': 'http://www.zhihu.com/api/v4/topics/19578161', 'name': '地质学'}], 'type': 'best_answerer', 'description': '优秀回答者'}]",19710,1,巴甫洛夫正在死亡,40b8d491c3a2f267ab016563efb371c4,False,False,False,False,巴甫洛夫很忙,people,http://www.zhihu.com/api/v4/people/40b8d491c3a2f267ab016563efb371c4,fourtytwo,people
78,26,0,https://pic3.zhimg.com/v2-fc487170125371918ddb389ed0859086_is.jpg,https://pic3.zhimg.com/v2-fc487170125371918ddb389ed0859086_{size}.jpg,[],666,0,前端/自学交互中/靠卖萌为生,8e1886efae40a6388c395e38506449b0,False,False,False,False,姜琳,people,http://www.zhihu.com/api/v4/people/8e1886efae40a6388c395e38506449b0,jennyintheworld,people
79,3,0,https://pic2.zhimg.com/v2-1f7634180fb3d7ad915373bcc13c5829_is.jpg,https://pic2.zhimg.com/v2-1f7634180fb3d7ad915373bcc13c5829_{size}.jpg,[],95,0,赤子之心,bc6f29dd5e547308636d8042f8237734,False,False,False,False,L.wt,people,http://www.zhihu.com/api/v4/people/bc6f29dd5e547308636d8042f8237734,l-wt,people
80,16,0,https://pic2.zhimg.com/v2-3ed87e3ab51b0781c16da4e8531eff49_is.jpg,https://pic2.zhimg.com/v2-3ed87e3ab51b0781c16da4e8531eff49_{size}.jpg,[],5285,0,只会跳舞的爆胎儿,f56e92c20ce3e23bdb31f4529d68957f,False,False,False,False,爆胎草莓粥,people,http://www.zhihu.com/api/v4/people/f56e92c20ce3e23bdb31f4529d68957f,bao-tai-er,people
81,6,0,https://pic3.zhimg.com/v2-1f36d9c13bcc86cb222ee1ecc63a83de_is.jpg,https://pic3.zhimg.com/v2-1f36d9c13bcc86cb222ee1ecc63a83de_{size}.jpg,[],3816,0,你想听什么,fdda69351b297c5ec68f25cd355678bc,False,False,False,False,ggy,people,http://www.zhihu.com/api/v4/people/fdda69351b297c5ec68f25cd355678bc,ggy-71-81,people
82,5,0,https://pic2.zhimg.com/v2-40cff5feeba49e32e51acd416b14f319_is.jpg,https://pic2.zhimg.com/v2-40cff5feeba49e32e51acd416b14f319_{size}.jpg,[],3761,0,一个性感的智障,8fb3777c4274d5b24d0ae2a7c0943ea1,False,False,False,False,霹雳娇娃小泰迪,people,http://www.zhihu.com/api/v4/people/8fb3777c4274d5b24d0ae2a7c0943ea1,zhu-zhu-79-3-5,people
83,3,0,https://pic1.zhimg.com/v2-6ef9a70527138af1f15c7dad3e16e3e0_is.jpg,https://pic1.zhimg.com/v2-6ef9a70527138af1f15c7dad3e16e3e0_{size}.jpg,[],1070,0,微博 @小雀儿酱,9948d3166aaf5b936ae6e8274c063b7e,False,False,False,False,hellosyh,people,http://www.zhihu.com/api/v4/people/9948d3166aaf5b936ae6e8274c063b7e,hellosyh,people
84,237,0,https://pic3.zhimg.com/v2-79fd042e11dbe5e36d80b6e975d686aa_is.jpg,https://pic3.zhimg.com/v2-79fd042e11dbe5e36d80b6e975d686aa_{size}.jpg,[],1752,0,渣渣游戏策划/不专业撸铁爱好者/濒临灭绝的果子狸,449036260b6e205daabefd93465cd52e,False,False,False,False,煎饼果子11号,people,http://www.zhihu.com/api/v4/people/449036260b6e205daabefd93465cd52e,ouyang-32-51,people
85,5,0,https://pic2.zhimg.com/v2-807343911c1cd68d0de3efcb83329fa5_is.jpg,https://pic2.zhimg.com/v2-807343911c1cd68d0de3efcb83329fa5_{size}.jpg,[],54,0,有瘾的东西就该戒掉,f438f48c6eb2e4af49e5624ee5860a0f,False,False,False,False,南美不去吗,people,http://www.zhihu.com/api/v4/people/f438f48c6eb2e4af49e5624ee5860a0f,mao-jing-fang,people
86,8,0,https://pic1.zhimg.com/v2-7e957c919f0c4488e7eb6e064bc10770_is.jpg,https://pic1.zhimg.com/v2-7e957c919f0c4488e7eb6e064bc10770_{size}.jpg,[],1640,0,修合无人见，存心有天知。,7fabee2c604381a3a02f5be8d7eb0e8d,False,False,False,False,闻樱先生,people,http://www.zhihu.com/api/v4/people/7fabee2c604381a3a02f5be8d7eb0e8d,wen-ying-xian-sheng-68,people
87,23,0,https://pic2.zhimg.com/v2-2bec2a7b909d5b73097f753eebb99a4d_is.jpg,https://pic2.zhimg.com/v2-2bec2a7b909d5b73097f753eebb99a4d_{size}.jpg,[],10574,0,穿lo裙的贫民窟女孩,81aea3a64159b380c3ebe36a15549728,False,False,False,False,小正义,people,http://www.zhihu.com/api/v4/people/81aea3a64159b380c3ebe36a15549728,xiao-zheng-yi-25,people
88,539,6,https://pic4.zhimg.com/b0ddb1d988b10f588a5a5e8ebc238047_is.jpg,https://pic4.zhimg.com/b0ddb1d988b10f588a5a5e8ebc238047_{size}.jpg,[],5173,0,我是变成伞好呢还是变成挡雨棚好呢？,c03bec96611e95c9f33101244b4c1700,False,False,False,False,西@寺世界,people,http://www.zhihu.com/api/v4/people/c03bec96611e95c9f33101244b4c1700,xi-yuan-si-shi-jie-43,people
89,1,0,https://pic1.zhimg.com/da8e974dc_is.jpg,https://pic1.zhimg.com/da8e974dc_{size}.jpg,[],2479,-1,,560a97321745e463ef34959f99d00d7c,False,False,False,False,kunzhou,people,http://www.zhihu.com/api/v4/people/560a97321745e463ef34959f99d00d7c,kunzhou,people
90,1428,69,https://pic2.zhimg.com/3bcbc0e75a714b91557bd79939cf64ad_is.jpg,https://pic2.zhimg.com/3bcbc0e75a714b91557bd79939cf64ad_{size}.jpg,[],27098,1,........ ?° ?? ?°.............,4af46a750572c32665bd27400fe8c809,False,False,False,False,浮生未半,people,http://www.zhihu.com/api/v4/people/4af46a750572c32665bd27400fe8c809,fu-sheng-wei-ban,people
91,675,10,https://pic3.zhimg.com/v2-e5b46df57834eb41b28aa5e39fcdd51a_is.jpg,https://pic3.zhimg.com/v2-e5b46df57834eb41b28aa5e39fcdd51a_{size}.jpg,[],37265,1,税收从业 爱好广泛   转载请注明，已委托维权骑士,eaa7766d9bf6920109ff347a12fdd93d,False,False,False,False,麦托什,people,http://www.zhihu.com/api/v4/people/eaa7766d9bf6920109ff347a12fdd93d,mai-tuo-shen,people
92,25,0,https://pic3.zhimg.com/v2-6a512f982e9591db49835274e7a27eca_is.jpg,https://pic3.zhimg.com/v2-6a512f982e9591db49835274e7a27eca_{size}.jpg,[],1560,0,到了南方就离你太远,535f31c893a533c95d4e6bfa0ccdd360,False,False,False,False,我有一只胖橘猫,people,http://www.zhihu.com/api/v4/people/535f31c893a533c95d4e6bfa0ccdd360,xue-er-57-11,people
93,8,0,https://pic4.zhimg.com/v2-1eb9d75bbf42058fe8f1ceac47aac1cf_is.jpg,https://pic4.zhimg.com/v2-1eb9d75bbf42058fe8f1ceac47aac1cf_{size}.jpg,[],430,-1,学生/,5415e1bf27e63f251bf4353f64541bc0,False,False,False,False,Thatsevalo,people,http://www.zhihu.com/api/v4/people/5415e1bf27e63f251bf4353f64541bc0,xiao-li-fu-ren,people
94,31,0,https://pic1.zhimg.com/v2-04b52bcf3cb2374c74e247f822d69914_is.jpg,https://pic1.zhimg.com/v2-04b52bcf3cb2374c74e247f822d69914_{size}.jpg,[],6627,0,在人间已是癫，何苦要上青天。,8f57cdc26d7982f7987487f8f7d55808,False,False,False,False,指尖要高冷,people,http://www.zhihu.com/api/v4/people/8f57cdc26d7982f7987487f8f7d55808,guai-guai-85-28,people
95,10,0,https://pic4.zhimg.com/v2-45aca7f495a39fae51a5ef298d4129bb_is.jpg,https://pic4.zhimg.com/v2-45aca7f495a39fae51a5ef298d4129bb_{size}.jpg,[],1379,-1,码农，爱好物理，业余养鱼,02010d3aff857a2ad01548bbed81fc8e,False,False,False,False,joykiller,people,http://www.zhihu.com/api/v4/people/02010d3aff857a2ad01548bbed81fc8e,joykiller,people
96,2,0,https://pic3.zhimg.com/v2-35c356e978d99f47e79b638434da7a52_is.jpg,https://pic3.zhimg.com/v2-35c356e978d99f47e79b638434da7a52_{size}.jpg,[],886,0,谢谢你们这么可爱还关注我(′?_?`),d6e4aa511b9943ce401601195d362176,False,False,False,False,姜啵叽,people,http://www.zhihu.com/api/v4/people/d6e4aa511b9943ce401601195d362176,jiu-jiu-66-51-63,people
97,14,0,https://pic1.zhimg.com/v2-69b0ff23351be8b66f949bab3c4b17c4_is.jpg,https://pic1.zhimg.com/v2-69b0ff23351be8b66f949bab3c4b17c4_{size}.jpg,[],1107,0,武大 英国留学 96年硕士,e5da73ad2a4c4bcf0f37b91d267b281a,False,False,False,False,卢卢卢,people,http://www.zhihu.com/api/v4/people/e5da73ad2a4c4bcf0f37b91d267b281a,lu-lu-lu-96-63,people
98,44,34,https://pic1.zhimg.com/v2-97e3b1a0227ef5b04da9a61f8ea2ce18_is.jpg,https://pic1.zhimg.com/v2-97e3b1a0227ef5b04da9a61f8ea2ce18_{size}.jpg,[],4158,-1,微博：新得乐啦 /常驻韩国/韩国美妆/韩国旅游/韩国美食,619354d7bd5091b8fcc1024cd802416f,False,False,False,False,韩可爱,people,http://www.zhihu.com/api/v4/people/619354d7bd5091b8fcc1024cd802416f,transino,people
99,49,0,https://pic3.zhimg.com/v2-77f68a5a56398fb17464212eadbacfae_is.jpg,https://pic3.zhimg.com/v2-77f68a5a56398fb17464212eadbacfae_{size}.jpg,[],69,0,我也曾一人走过黑夜漫漫长路,b31e03aeba015bdf57a32d5c75b02308,False,False,False,False,没有脑子,people,http://www.zhihu.com/api/v4/people/b31e03aeba015bdf57a32d5c75b02308,mei-you-nao-zi-28,people
100,3,0,https://pic3.zhimg.com/v2-2895c786a0913cbfae9198704318cb96_is.jpg,https://pic3.zhimg.com/v2-2895c786a0913cbfae9198704318cb96_{size}.jpg,[],65,0,（前）职业玩家、机甲驾驶员。隶属于韩国陆军特别机动部队,2a0ce72b4eb2fec81b25249e4825f480,False,False,False,False,D.Va爱你哟,people,http://www.zhihu.com/api/v4/people/2a0ce72b4eb2fec81b25249e4825f480,tao-li-73-55,people
101,19,0,https://pic3.zhimg.com/v2-098abf2b21d5e87e8d70c354370380be_is.jpg,https://pic3.zhimg.com/v2-098abf2b21d5e87e8d70c354370380be_{size}.jpg,[],4462,0,知乎老司机  带你们通往幼儿园,bafdba914e26d38172a128fb62aefba8,False,False,False,False,Searily,people,http://www.zhihu.com/api/v4/people/bafdba914e26d38172a128fb62aefba8,searily,people
102,0,0,https://pic2.zhimg.com/v2-c1d21e83591720338f798f17ba9a6b01_is.jpg,https://pic2.zhimg.com/v2-c1d21e83591720338f798f17ba9a6b01_{size}.jpg,[],37,0,一直游走在懒觉和运动中的刺猬,6caeb0987b744dbd03440758372d7ec7,False,False,False,False,洛城月饼,people,http://www.zhihu.com/api/v4/people/6caeb0987b744dbd03440758372d7ec7,dai-duo-duo-66,people
103,0,0,https://pic1.zhimg.com/v2-0c0f8345120cae37908a4e3bc97d7438_is.jpg,https://pic1.zhimg.com/v2-0c0f8345120cae37908a4e3bc97d7438_{size}.jpg,[],3560,0,谢谢关注我的 你们都是最可爱的,45d8720b0593f001fa0f220af302e242,False,False,False,False,Vanessa,people,http://www.zhihu.com/api/v4/people/45d8720b0593f001fa0f220af302e242,meng-nuo-li-sha-de-wei-xiao-ya,people
104,3,0,https://pic4.zhimg.com/757149eceeeb80b8f53cffd68cbc111b_is.jpg,https://pic4.zhimg.com/757149eceeeb80b8f53cffd68cbc111b_{size}.jpg,[],1688,0,你们一定要努力，不要像我一样靠脸吃饭！,feea6d7b2575b02b555d02a5260b052f,False,False,False,False,高小仙儿,people,http://www.zhihu.com/api/v4/people/feea6d7b2575b02b555d02a5260b052f,gao-xiao-xian-er-71,people
105,2,0,https://pic4.zhimg.com/v2-117f934c361c2ab95ef05fd6c67487fb_is.jpg,https://pic4.zhimg.com/v2-117f934c361c2ab95ef05fd6c67487fb_{size}.jpg,[],1742,0,,d8bdaf3bd113bedbdb81f77c7b7c55f3,False,False,False,False,一只雕,people,http://www.zhihu.com/api/v4/people/d8bdaf3bd113bedbdb81f77c7b7c55f3,bao-zi-35-44,people
106,2,0,https://pic4.zhimg.com/v2-a2317094b78eeb0995aa7cd6dc1e3c9b_is.jpg,https://pic4.zhimg.com/v2-a2317094b78eeb0995aa7cd6dc1e3c9b_{size}.jpg,[],3301,0,,92e3029704fc467ddb1443181e524888,False,False,False,False,小小小南瓜,people,http://www.zhihu.com/api/v4/people/92e3029704fc467ddb1443181e524888,xiao-xiao-xiao-nan-gua-36,people
107,3,0,https://pic1.zhimg.com/v2-b8e97f1780abc03ea2c22c9900b4f214_is.jpg,https://pic1.zhimg.com/v2-b8e97f1780abc03ea2c22c9900b4f214_{size}.jpg,[],187,0,盖上锅盖，小火慢炖。,0c8610bc05a7ae57e8da04f7ea21a044,False,False,False,False,羊里最好看的,people,http://www.zhihu.com/api/v4/people/0c8610bc05a7ae57e8da04f7ea21a044,zyy-77-84,people
108,1,0,https://pic2.zhimg.com/v2-2e342d78541e9b554f9df3dbbcd51761_is.jpg,https://pic2.zhimg.com/v2-2e342d78541e9b554f9df3dbbcd51761_{size}.jpg,[],691,0,如果喜欢一个人 那就应该多留意她,8435ba3133b0b33f5d78ee98c482171c,False,False,False,False,萌小猪,people,http://www.zhihu.com/api/v4/people/8435ba3133b0b33f5d78ee98c482171c,meng-xiao-zhu-17-82,people
109,5,0,https://pic2.zhimg.com/v2-c134e9bf3ff332394cb004bcdd5d36a1_is.jpg,https://pic2.zhimg.com/v2-c134e9bf3ff332394cb004bcdd5d36a1_{size}.jpg,[],89,0,做设计的媒体人,62637a4610980ee1e02cdd43f6e36cb8,False,False,False,False,阿霏呗,people,http://www.zhihu.com/api/v4/people/62637a4610980ee1e02cdd43f6e36cb8,a-fei-bai-59,people
110,3,0,https://pic3.zhimg.com/v2-4856d241793b4ce541bda8b030618556_is.jpg,https://pic3.zhimg.com/v2-4856d241793b4ce541bda8b030618556_{size}.jpg,[],242,0,不用关注我,fe7bb8b05d30beba044086ce965268c4,False,False,False,False,卖萌,people,http://www.zhihu.com/api/v4/people/fe7bb8b05d30beba044086ce965268c4,huang-xi-57-72,people
111,1,0,https://pic4.zhimg.com/aa0bf0488f08ae8ec3672fb93ea774f3_is.jpg,https://pic4.zhimg.com/aa0bf0488f08ae8ec3672fb93ea774f3_{size}.jpg,[],6554,0,浙江大学,85c457ddb095987229c3f7d1aae0fd41,False,False,False,False,Thxor,people,http://www.zhihu.com/api/v4/people/85c457ddb095987229c3f7d1aae0fd41,xie-yun-yi-92,people
112,13,1,https://pic1.zhimg.com/v2-109ba295665bfe45453662e8e48cbadc_is.jpg,https://pic1.zhimg.com/v2-109ba295665bfe45453662e8e48cbadc_{size}.jpg,[],5847,0,persona,cf2b75a97946aa6d5792f7a83b848ca4,False,False,False,False,HelloDaH,people,http://www.zhihu.com/api/v4/people/cf2b75a97946aa6d5792f7a83b848ca4,a-jiu-1-10,people
113,12,0,https://pic4.zhimg.com/v2-b17493b3f1913d9c4b9220bc127c592f_is.jpg,https://pic4.zhimg.com/v2-b17493b3f1913d9c4b9220bc127c592f_{size}.jpg,[],1248,0,,a6c674f52c653080ca74e67160724836,False,False,False,False,Theresa,people,http://www.zhihu.com/api/v4/people/a6c674f52c653080ca74e67160724836,theresa-26,people
114,15,0,https://pic3.zhimg.com/v2-7f8057e4e32f6874f3a60c4016cb9582_is.jpg,https://pic3.zhimg.com/v2-7f8057e4e32f6874f3a60c4016cb9582_{size}.jpg,[],1552,0,学生,c2236bef3f7516eb6bb5e8c0b018a017,False,False,False,False,超甜的,people,http://www.zhihu.com/api/v4/people/c2236bef3f7516eb6bb5e8c0b018a017,qiong-mei-ba-ji,people
115,11,0,https://pic3.zhimg.com/v2-bdf8c5362a609fa6732d0cc59dfba016_is.jpg,https://pic3.zhimg.com/v2-bdf8c5362a609fa6732d0cc59dfba016_{size}.jpg,[],2220,0,不是你想象中那种可爱的女生。,d982ad547dcbf9dcf936cd5ed3d3df80,False,False,False,False,cheri-7,people,http://www.zhihu.com/api/v4/people/d982ad547dcbf9dcf936cd5ed3d3df80,lu-xing-jin-98-80,people
116,0,0,https://pic2.zhimg.com/v2-d624b0955fa007a43f48faf0cb867695_is.jpg,https://pic2.zhimg.com/v2-d624b0955fa007a43f48faf0cb867695_{size}.jpg,[],347,0,非常甜的小仙女,da001cb654c3086d51e01f525c59e3ec,False,False,False,False,追风筝的猫,people,http://www.zhihu.com/api/v4/people/da001cb654c3086d51e01f525c59e3ec,zhui-feng-zheng-de-mao-5-51,people
117,1,0,https://pic4.zhimg.com/v2-33d17dacac3fd86aedb658be0b384f43_is.jpg,https://pic4.zhimg.com/v2-33d17dacac3fd86aedb658be0b384f43_{size}.jpg,[],81,0,一只说人话的喵 ,93f7b7605d6f7a69a0646f7d7f7cc509,False,False,False,False,一只铲妹,people,http://www.zhihu.com/api/v4/people/93f7b7605d6f7a69a0646f7d7f7cc509,he-mu-zi-61-45,people
118,16,2,https://pic4.zhimg.com/991401067_is.jpg,https://pic4.zhimg.com/991401067_{size}.jpg,[],6441,0,甲子光年创始人CEO,632f79472899d11658bb364a246f0a04,False,False,False,False,张一甲,people,http://www.zhihu.com/api/v4/people/632f79472899d11658bb364a246f0a04,zhang-___-jia-67,people
119,9,0,https://pic2.zhimg.com/v2-c4e949eaeaf91d7cac2e9bd2c9ed6ddd_is.jpg,https://pic2.zhimg.com/v2-c4e949eaeaf91d7cac2e9bd2c9ed6ddd_{size}.jpg,[],1381,0,精分。,56b19d1f88a207ee0b73422d5113d407,False,False,False,False,英曼,people,http://www.zhihu.com/api/v4/people/56b19d1f88a207ee0b73422d5113d407,wang-bei-30-83,people
120,8,0,https://pic4.zhimg.com/v2-00db34abf4d310c3c7855790921cba77_is.jpg,https://pic4.zhimg.com/v2-00db34abf4d310c3c7855790921cba77_{size}.jpg,[],925,0,有趣的文案小姐姐,f37966169cde51e36598f6ff5f3718b0,False,False,False,False,LLlianglin,people,http://www.zhihu.com/api/v4/people/f37966169cde51e36598f6ff5f3718b0,LLlianglin,people
121,640,69,https://pic4.zhimg.com/61984a25d44df15b857475e7f7b1c7e3_is.jpg,https://pic4.zhimg.com/61984a25d44df15b857475e7f7b1c7e3_{size}.jpg,[],4762,1,弱渣,67ebe1bd8e4a63f17a42572e40afaac7,False,False,False,False,大笨蛋千里冰封,people,http://www.zhihu.com/api/v4/people/67ebe1bd8e4a63f17a42572e40afaac7,ice1000,people
122,7,0,https://pic2.zhimg.com/4c2ba22ee910bdca0d82f4a0e1153095_is.jpg,https://pic2.zhimg.com/4c2ba22ee910bdca0d82f4a0e1153095_{size}.jpg,[],1967,0,没有拼尽全力做 到时候会不会后悔呀,810a1921b1ec457284174247f81767c7,False,False,False,False,炽丸子,people,http://www.zhihu.com/api/v4/people/810a1921b1ec457284174247f81767c7,chi-wan-zi-39,people
123,16,0,https://pic1.zhimg.com/da8e974dc_is.jpg,https://pic1.zhimg.com/da8e974dc_{size}.jpg,[],145,1,司马，无名无字，专注评论区100年…,6e0f7ed7d47479bc2e7fdb4ed73dee98,False,False,False,False,司马未名,people,http://www.zhihu.com/api/v4/people/6e0f7ed7d47479bc2e7fdb4ed73dee98,si-ma-wei-ming-50,people
124,37,11,https://pic1.zhimg.com/v2-9359a921612e6929f2c08745ca2ab8ec_is.jpg,https://pic1.zhimg.com/v2-9359a921612e6929f2c08745ca2ab8ec_{size}.jpg,[],6251,0,一个有腹肌的假妹摄 今天背单词了吗,a801dccbf2b4126bd0ad4939f4789dd4,False,False,False,False,一只脑洞,people,http://www.zhihu.com/api/v4/people/a801dccbf2b4126bd0ad4939f4789dd4,su-an-42-86,people
125,8,0,https://pic2.zhimg.com/v2-cda10db64ebf03315aaacfa247afad71_is.jpg,https://pic2.zhimg.com/v2-cda10db64ebf03315aaacfa247afad71_{size}.jpg,[],1127,0,,48466d60a3bbd3b7ae10883f46afa1a5,False,False,False,False,撸串的假女神,people,http://www.zhihu.com/api/v4/people/48466d60a3bbd3b7ae10883f46afa1a5,guo-guo-46-92,people
126,7,0,https://pic3.zhimg.com/62a277fc518d90d03d46e7a71ebe9cb6_is.jpg,https://pic3.zhimg.com/62a277fc518d90d03d46e7a71ebe9cb6_{size}.jpg,[],408,0,,f92056dd981a34ddaf43b50240c7a0a8,False,False,False,False,李零七,people,http://www.zhihu.com/api/v4/people/f92056dd981a34ddaf43b50240c7a0a8,li-ling-qi-15,people
127,29,7,https://pic2.zhimg.com/v2-031c436baf979a83073f8bcc2c4808dd_is.jpg,https://pic2.zhimg.com/v2-031c436baf979a83073f8bcc2c4808dd_{size}.jpg,[],6833,-1,同名公众号，讲述NBA偏门故事,ec4419d64bab04d3084856081d52695e,False,False,False,False,球盲大会,people,http://www.zhihu.com/api/v4/people/ec4419d64bab04d3084856081d52695e,qiu-mang-da-hui,people
128,318,13,https://pic4.zhimg.com/7be980a0f_is.jpg,https://pic4.zhimg.com/7be980a0f_{size}.jpg,"[{'topics': [{'avatar_url': 'https://pic1.zhimg.com/v2-8e66233f5558e741bad3a8c50b9566c8_is.jpg', 'introduction': 'Web 前端开发', 'excerpt': 'Web 前端开发', 'type': 'topic', 'id': '19550901', 'url': 'http://www.zhihu.com/api/v4/topics/19550901', 'name': '前端开发'}, {'avatar_url': 'https://pic1.zhimg.com/8993062b6b00237084be65f96b8fd720_is.jpg', 'introduction': 'JavaScript 是弱类型的动态脚本语言，支持多种编程范式，包括面向对象和函数式编程。', 'excerpt': 'JavaScript 是弱类型的动态脚本语言，支持多种编程范式，包括面向对象和函数式编程。', 'type': 'topic', 'id': '19552521', 'url': 'http://www.zhihu.com/api/v4/topics/19552521', 'name': 'JavaScript'}, {'avatar_url': 'https://pic3.zhimg.com/a9a648c96_is.jpg', 'introduction': '<strong>Front End Engineer</strong>', 'excerpt': 'Front End Engineer', 'type': 'topic', 'id': '19573936', 'url': 'http://www.zhihu.com/api/v4/topics/19573936', 'name': '前端工程师'}], 'type': 'best_answerer', 'description': '优秀回答者'}]",65192,1,不会搞艺术的程序员不是好设计师,cfdec6226ece879d2571fbc274372e9f,False,False,False,False,尤雨溪,people,http://www.zhihu.com/api/v4/people/cfdec6226ece879d2571fbc274372e9f,evanyou,people
129,0,0,https://pic4.zhimg.com/v2-bdf759019be7cdd6e1d69cab6398fb0f_is.jpg,https://pic4.zhimg.com/v2-bdf759019be7cdd6e1d69cab6398fb0f_{size}.jpg,[],3609,0,they say people come，they say people go.,da7af4cde5c9e346c0145c7112b75381,False,False,False,False,何小怿,people,http://www.zhihu.com/api/v4/people/da7af4cde5c9e346c0145c7112b75381,he-xiao-yi-90-95,people
130,16,5,https://pic3.zhimg.com/v2-0cff31737fe952e2a43fd4607b29de6e_is.jpg,https://pic3.zhimg.com/v2-0cff31737fe952e2a43fd4607b29de6e_{size}.jpg,"[{'description': '英属哥伦比亚大学 数学博士在读', 'type': 'identity'}]",4567,0,Maths Ph.D. Candidate ,39230462a31e5b746d0bfaeea1c24570,False,False,False,False,爱丽,people,http://www.zhihu.com/api/v4/people/39230462a31e5b746d0bfaeea1c24570,aili.shao,people
131,31,0,https://pic2.zhimg.com/v2-0e084f7fe6b03553bc72826fa19ce75d_is.jpg,https://pic2.zhimg.com/v2-0e084f7fe6b03553bc72826fa19ce75d_{size}.jpg,[],672,0,你看起来好像很好吃,c94146c90ecdfd0765080344cc295666,False,False,False,False,难挑的鳄梨呀,people,http://www.zhihu.com/api/v4/people/c94146c90ecdfd0765080344cc295666,guo-lian-71,people
132,3,0,https://pic1.zhimg.com/824ab7e246580a2196b152ba0e68d3c0_is.jpg,https://pic1.zhimg.com/824ab7e246580a2196b152ba0e68d3c0_{size}.jpg,[],9078,0,微博：阿飞Kathy,74093d968daee5d671e59e266bebdd74,False,False,False,False,阿飞Kathy,people,http://www.zhihu.com/api/v4/people/74093d968daee5d671e59e266bebdd74,tang-fei-68-47,people
133,23,0,https://pic4.zhimg.com/6720a58c3_is.jpg,https://pic4.zhimg.com/6720a58c3_{size}.jpg,[],39790,1,前广告行业从业者,86fa7cb2a4e933d1dcbc8987aaaa9fd5,False,False,False,False,性感玉米,people,http://www.zhihu.com/api/v4/people/86fa7cb2a4e933d1dcbc8987aaaa9fd5,corndog,people
134,75,0,https://pic2.zhimg.com/v2-672d77f33e681da58fd2d06ed613c5c5_is.jpg,https://pic2.zhimg.com/v2-672d77f33e681da58fd2d06ed613c5c5_{size}.jpg,[],404,0,眼瞎,8aca7e279bf1b99d373a1a46cd370730,False,False,False,False,吃山楂第一名,people,http://www.zhihu.com/api/v4/people/8aca7e279bf1b99d373a1a46cd370730,cai-zi-yi-48,people
135,115,1,https://pic4.zhimg.com/v2-5f706c45a8df0cf72f8c52232355df23_is.jpg,https://pic4.zhimg.com/v2-5f706c45a8df0cf72f8c52232355df23_{size}.jpg,[],15380,0,?花花爱学霸,969631efd8b0696471c4b13718b1394a,False,False,False,False,杜花花,people,http://www.zhihu.com/api/v4/people/969631efd8b0696471c4b13718b1394a,du-hua-hua-75-33,people
136,152,0,https://pic4.zhimg.com/v2-d767745da85ffc685caf7278d9eae3db_is.jpg,https://pic4.zhimg.com/v2-d767745da85ffc685caf7278d9eae3db_{size}.jpg,[],8561,0,有意思比有意义更有意思/社会你好姐/也上过重点大学/考过ETC6,94e8d96d1ed366f3773b9ba10d4bf2b2,False,False,False,False,罗三好,people,http://www.zhihu.com/api/v4/people/94e8d96d1ed366f3773b9ba10d4bf2b2,luo-ke-ke-23-93,people
137,20,11,https://pic3.zhimg.com/v2-356f828ae2ed36ed8b2d7e8a5156e176_is.jpg,https://pic3.zhimg.com/v2-356f828ae2ed36ed8b2d7e8a5156e176_{size}.jpg,[],9142,1,梦想当个段子手的人像摄影师,c2a3f5904b1e1a93eb0ca06b3ac57ad9,False,False,False,False,西瓜呆毛汪,people,http://www.zhihu.com/api/v4/people/c2a3f5904b1e1a93eb0ca06b3ac57ad9,xi-gua-ai-mao-wang,people
138,9,0,https://pic4.zhimg.com/v2-95389c6d328e3710cdeb5e76cbaf8533_is.jpg,https://pic4.zhimg.com/v2-95389c6d328e3710cdeb5e76cbaf8533_{size}.jpg,[],1177,0,,25ed938c04e9d05de17b7e8439c90c6a,False,False,False,False,黑魔仙vivi,people,http://www.zhihu.com/api/v4/people/25ed938c04e9d05de17b7e8439c90c6a,wang-jing-15-15-28,people
139,4,0,https://pic3.zhimg.com/6cd4b034e46db16d189f538c3fa2d386_is.jpg,https://pic3.zhimg.com/6cd4b034e46db16d189f538c3fa2d386_{size}.jpg,[],1931,0,,a02335e4b5a8a8dc2330ddb4f1e98814,False,False,False,False,Lisa Wang,people,http://www.zhihu.com/api/v4/people/a02335e4b5a8a8dc2330ddb4f1e98814,lisa-wang-42-45,people
140,22,0,https://pic2.zhimg.com/v2-5647f16512a1977a5e4ea6516ebc6df1_is.jpg,https://pic2.zhimg.com/v2-5647f16512a1977a5e4ea6516ebc6df1_{size}.jpg,[],2153,0,如果可以我想一直不长大做一个合法萝莉。,342772251a575864854652cacf6144fd,False,False,False,False,吧啦,people,http://www.zhihu.com/api/v4/people/342772251a575864854652cacf6144fd,ba-la-57-58,people
141,158,3,https://pic4.zhimg.com/v2-cb55bb41b3474756c6d3f3bb2f940f3f_is.jpg,https://pic4.zhimg.com/v2-cb55bb41b3474756c6d3f3bb2f940f3f_{size}.jpg,[],22789,1,知乎的色情内容，那可比我色情多了，连我都看硬了。,8c9f685392bb5a688cd1fe3c85765dd4,False,False,False,False,太后您受精了,people,http://www.zhihu.com/api/v4/people/8c9f685392bb5a688cd1fe3c85765dd4,yanzhigao,people
142,46,0,https://pic2.zhimg.com/v2-15cead7579bdb830dc2c76a7762dd3bd_is.jpg,https://pic2.zhimg.com/v2-15cead7579bdb830dc2c76a7762dd3bd_{size}.jpg,[],4502,0,美术 护肤与奢侈品,564bc2ad398eb5ab6e053834d3f7694f,False,False,False,False,凝凝麻吉噗咻鹅鹅,people,http://www.zhihu.com/api/v4/people/564bc2ad398eb5ab6e053834d3f7694f,zhou-a-a-ning-a,people
143,6,0,https://pic1.zhimg.com/v2-f4307e0007dd0b46de192ee1fa2feb80_is.jpg,https://pic1.zhimg.com/v2-f4307e0007dd0b46de192ee1fa2feb80_{size}.jpg,[],114,0,视金钱如粪土,778cdb1e79cd791aee348c7e6dbdd1a6,False,False,False,False,田臻atian,people,http://www.zhihu.com/api/v4/people/778cdb1e79cd791aee348c7e6dbdd1a6,tian-zhen-9-49,people
144,49,0,https://pic3.zhimg.com/v2-67b1ea9f9520049147c7a400be5b5c5a_is.jpg,https://pic3.zhimg.com/v2-67b1ea9f9520049147c7a400be5b5c5a_{size}.jpg,[],4481,0,半个御姐，半个变态.平淡无趣，面目可憎.,4b5a064bc6d3d502ace66b40709dec9f,False,False,False,False,Alex Zed,people,http://www.zhihu.com/api/v4/people/4b5a064bc6d3d502ace66b40709dec9f,liu-jia-ni-68,people
145,6,0,https://pic4.zhimg.com/v2-1df2d6b92163bf82cd58aa437684f1e3_is.jpg,https://pic4.zhimg.com/v2-1df2d6b92163bf82cd58aa437684f1e3_{size}.jpg,[],263,0,反射弧长和身高成正比/高的上天／,3e60afd879797aa5535ede9b22675913,False,False,False,False,韩言殊,people,http://www.zhihu.com/api/v4/people/3e60afd879797aa5535ede9b22675913,qian-chuan-ying-nai,people
146,9,0,https://pic1.zhimg.com/v2-efbc63de8080779a071596081fd51084_is.jpg,https://pic1.zhimg.com/v2-efbc63de8080779a071596081fd51084_{size}.jpg,[],179,-1,,5f3a7470e3aad749e4490570816c403c,False,False,False,False,串了个兔腿子,people,http://www.zhihu.com/api/v4/people/5f3a7470e3aad749e4490570816c403c,chuan-liao-ge-tu-tui-zi,people
147,49,0,https://pic2.zhimg.com/v2-de3b74ae63019fcef5faa55e3a024ec9_is.jpg,https://pic2.zhimg.com/v2-de3b74ae63019fcef5faa55e3a024ec9_{size}.jpg,[],1774,0,“那种力量，难以阻挡。”,3a0de02c2479bda7fbdf50e7d126beb6,False,False,False,False,Vennyaning,people,http://www.zhihu.com/api/v4/people/3a0de02c2479bda7fbdf50e7d126beb6,vennyaning,people
148,6,0,https://pic4.zhimg.com/d0a2bfc0033241b4fa33216321ad9077_is.jpg,https://pic4.zhimg.com/d0a2bfc0033241b4fa33216321ad9077_{size}.jpg,[],865,0,"不喜欢没有礼貌的小朋友噢
微博：一块猫饼饼",4dddf277a66331b606e97e8bbf8c75e0,False,False,False,False,一块猫饼饼,people,http://www.zhihu.com/api/v4/people/4dddf277a66331b606e97e8bbf8c75e0,li-leng-hao,people
149,136,1,https://pic3.zhimg.com/v2-8eeea68c02e6a13f847a3f0baf03e076_is.jpg,https://pic3.zhimg.com/v2-8eeea68c02e6a13f847a3f0baf03e076_{size}.jpg,[],10377,0,微博：糖小淋 健身 旅游 看书 篮球 摄影 滑板 运动鞋,dda7fbfe12bdba22cbef3cde09f4cae0,False,False,False,False,糖小淋,people,http://www.zhihu.com/api/v4/people/dda7fbfe12bdba22cbef3cde09f4cae0,hou-xiao-lin-55,people
150,58,1,https://pic1.zhimg.com/dcfd04a5ddf3909b51658daeb82ab54c_is.jpg,https://pic1.zhimg.com/dcfd04a5ddf3909b51658daeb82ab54c_{size}.jpg,[],2505,0,不友好，爱骂人，不萌，高冷，网瘾少女。,31b21ac63c2a826d8b4a42ba0139b5a0,False,False,False,False,赵安妮,people,http://www.zhihu.com/api/v4/people/31b21ac63c2a826d8b4a42ba0139b5a0,zhaoanni,people
151,28,0,https://pic3.zhimg.com/f33e453ce32e25b2c3eba0da95f83cc6_is.jpg,https://pic3.zhimg.com/f33e453ce32e25b2c3eba0da95f83cc6_{size}.jpg,[],2774,0,白痴实习生,199345523fd682f889ed0279a3b1be58,False,False,False,False,程咬金,people,http://www.zhihu.com/api/v4/people/199345523fd682f889ed0279a3b1be58,cheng-cheng-78-35,people
152,12,0,https://pic3.zhimg.com/v2-a32f23ec2115221e85a85f9a45a4db2a_is.jpg,https://pic3.zhimg.com/v2-a32f23ec2115221e85a85f9a45a4db2a_{size}.jpg,[],927,0,猫女一枚~,9ffa656d72940cb709da4e45a2e5005e,False,False,False,False,李子,people,http://www.zhihu.com/api/v4/people/9ffa656d72940cb709da4e45a2e5005e,li-juan-89-41,people
153,5,0,https://pic2.zhimg.com/v2-5118f0c50aabc58ca626b5ab37cfdaed_is.jpg,https://pic2.zhimg.com/v2-5118f0c50aabc58ca626b5ab37cfdaed_{size}.jpg,[],3372,0,,a2a644eb898c0c637321a16cbd5ec59a,False,False,False,False,姜戈,people,http://www.zhihu.com/api/v4/people/a2a644eb898c0c637321a16cbd5ec59a,jungle-14,people
154,3,0,https://pic4.zhimg.com/v2-d147e5263415dff4a8196e5a5523afd7_is.jpg,https://pic4.zhimg.com/v2-d147e5263415dff4a8196e5a5523afd7_{size}.jpg,[],58,-1,,d292f64913d4c46594b50f486f9d485d,False,False,False,False,小雀斑,people,http://www.zhihu.com/api/v4/people/d292f64913d4c46594b50f486f9d485d,xiao-que-ban-52,people
155,9,0,https://pic4.zhimg.com/59e46c9b3971e1360bd338c37de4a10f_is.jpg,https://pic4.zhimg.com/59e46c9b3971e1360bd338c37de4a10f_{size}.jpg,[],1014,0,,8b994d129c5ea8441b50f855d892fcd3,False,False,False,False,山下智九,people,http://www.zhihu.com/api/v4/people/8b994d129c5ea8441b50f855d892fcd3,li-si-nian-87,people
156,4,0,https://pic1.zhimg.com/v2-1dda49097cfc68cf5727d6bbf75d0f88_is.jpg,https://pic1.zhimg.com/v2-1dda49097cfc68cf5727d6bbf75d0f88_{size}.jpg,[],2191,0,,b5af6c0e79d6eb47d7d068f359636c9b,False,False,False,False,毛嘞个毛,people,http://www.zhihu.com/api/v4/people/b5af6c0e79d6eb47d7d068f359636c9b,mao-lei-ge-mao,people
157,18,0,https://pic4.zhimg.com/v2-b3f77cd835bfa71588d4c161b9d5619f_is.jpg,https://pic4.zhimg.com/v2-b3f77cd835bfa71588d4c161b9d5619f_{size}.jpg,[],2292,0,一个胸大有脑的天然萌小瘦子,fe2ffe8ee412cc96a2b16dd0d397e4bb,False,False,False,False,萌球,people,http://www.zhihu.com/api/v4/people/fe2ffe8ee412cc96a2b16dd0d397e4bb,huang-wan-jing-20,people
158,98,12,https://pic2.zhimg.com/v2-481de2fe36e9e4efb26e704c976a73d9_is.jpg,https://pic2.zhimg.com/v2-481de2fe36e9e4efb26e704c976a73d9_{size}.jpg,[],56093,-1,微信公众号：quanmingushi，其实，每个人的故事都惊心动魄。,53baf400a919a5746be2d1ae66ccc9c6,False,False,False,True,全民故事计划,people,http://www.zhihu.com/api/v4/people/53baf400a919a5746be2d1ae66ccc9c6,quan-min-gu-shi-ji-hua-67,organization
159,549,0,https://pic1.zhimg.com/v2-180a35491f3893398b88abee891bde8c_is.jpg,https://pic1.zhimg.com/v2-180a35491f3893398b88abee891bde8c_{size}.jpg,[],248,-1,あなた、怠惰ですね。,6d78233babb788ca0612f3a44dd15822,False,False,False,False,夏尔洛瓦,people,http://www.zhihu.com/api/v4/people/6d78233babb788ca0612f3a44dd15822,xia-er-luo-wa,people
160,73,1,https://pic3.zhimg.com/v2-4512f03cbfa3e971834ad2e909ffaaaa_is.jpg,https://pic3.zhimg.com/v2-4512f03cbfa3e971834ad2e909ffaaaa_{size}.jpg,[],67525,0,,34991ee1d153f350ecb998bebf334323,False,False,False,False,Rio耿直,people,http://www.zhihu.com/api/v4/people/34991ee1d153f350ecb998bebf334323,wangrio,people
161,74,29,https://pic4.zhimg.com/v2-ac40121509f09fead12eafbedccb6a57_is.jpg,https://pic4.zhimg.com/v2-ac40121509f09fead12eafbedccb6a57_{size}.jpg,[],13789,0,北京姑娘，留美七年，间隔年环游南美中。,cf5092c16e08a94b28151368bfae86c7,False,False,False,False,飞行少女阿若,people,http://www.zhihu.com/api/v4/people/cf5092c16e08a94b28151368bfae86c7,yiruo-zhang,people
162,60,0,https://pic3.zhimg.com/v2-dd9ed5a3dcd8f1b69dcd025500c67e82_is.jpg,https://pic3.zhimg.com/v2-dd9ed5a3dcd8f1b69dcd025500c67e82_{size}.jpg,[],3558,0,对~我是一个百合，也是超级游戏迷~就酱~,801c13c66028cfc5b903926cf8af50bb,False,False,False,False,狐狸大魔王,people,http://www.zhihu.com/api/v4/people/801c13c66028cfc5b903926cf8af50bb,guang-ying-31-41,people
163,3,0,https://pic1.zhimg.com/v2-42f78c410739104d654c384c9a492978_is.jpg,https://pic1.zhimg.com/v2-42f78c410739104d654c384c9a492978_{size}.jpg,[],177,0,你的仙女,51b16af4ed75d30d0ff48efc772f5f3f,False,False,False,False,巴啦啦小魔仙,people,http://www.zhihu.com/api/v4/people/51b16af4ed75d30d0ff48efc772f5f3f,ba-la-la-xiao-mo-xian-50-50,people
164,50,0,https://pic4.zhimg.com/v2-b136c456c90b3a7d7fe6234c2f245083_is.jpg,https://pic4.zhimg.com/v2-b136c456c90b3a7d7fe6234c2f245083_{size}.jpg,[],5162,0,归根结底 太阳还是温暖着我们的身骨,b6398997c7f308af3336faca7db321f6,False,False,False,False,四层饼,people,http://www.zhihu.com/api/v4/people/b6398997c7f308af3336faca7db321f6,khalil-chang,people
165,35,0,https://pic3.zhimg.com/v2-1be7ac34ca4345ae9c4adbc63957a906_is.jpg,https://pic3.zhimg.com/v2-1be7ac34ca4345ae9c4adbc63957a906_{size}.jpg,[],1567,0,中文系女废学生 专业拉黑一百年,8a2c42f7fdf66fe1dc73b4e7d4409e25,False,False,False,False,畹畹,people,http://www.zhihu.com/api/v4/people/8a2c42f7fdf66fe1dc73b4e7d4409e25,zhang-xiao-yao-75-80,people
166,31,0,https://pic2.zhimg.com/v2-f9e5b9ba78c43267b892e2cb7f599745_is.jpg,https://pic2.zhimg.com/v2-f9e5b9ba78c43267b892e2cb7f599745_{size}.jpg,[],527,0,世事短如春梦，人情薄如秋云,043f756b0109fef9b52eb287601cff24,False,False,False,False,老婆,people,http://www.zhihu.com/api/v4/people/043f756b0109fef9b52eb287601cff24,yang-yu-ting-7-23,people
167,4693,18,https://pic4.zhimg.com/7e82d3312849b41afd6262fa1d3dbc6f_is.jpg,https://pic4.zhimg.com/7e82d3312849b41afd6262fa1d3dbc6f_{size}.jpg,[],110832,1,温酒不说谎,bbb58b3cf74a5fa7e835c0358e430acf,False,False,False,False,温酒,people,http://www.zhihu.com/api/v4/people/bbb58b3cf74a5fa7e835c0358e430acf,warmwine,people
168,710,0,https://pic4.zhimg.com/v2-8b2e85a7d983c4d9c53c4d9ef0b4b6a3_is.jpg,https://pic4.zhimg.com/v2-8b2e85a7d983c4d9c53c4d9ef0b4b6a3_{size}.jpg,[],2589,0,且看智障的厉害。（感情问题请移步值乎,21e002a0e23f389b733f4e696a3f3b40,False,False,False,False,花猹猹,people,http://www.zhihu.com/api/v4/people/21e002a0e23f389b733f4e696a3f3b40,hua-zha-zha-95,people
169,15,0,https://pic4.zhimg.com/v2-51f46672dfecda40fa745c8f03adbe0f_is.jpg,https://pic4.zhimg.com/v2-51f46672dfecda40fa745c8f03adbe0f_{size}.jpg,[],363,0,神秘 会屈从于更高的神秘,4a093a33517e848e9d640cb93650489a,False,False,False,False,张透明,people,http://www.zhihu.com/api/v4/people/4a093a33517e848e9d640cb93650489a,zhang-xin-82-3,people
170,10,0,https://pic1.zhimg.com/v2-c2edefde916d41382c1d95861deb1208_is.jpg,https://pic1.zhimg.com/v2-c2edefde916d41382c1d95861deb1208_{size}.jpg,[],366,0,"画跑歌漫眼镜不离身
理性护肤裸肌狂，长发魔女傻大个
脑洞是窟窿 气质养成中",c8641c99537a428c99e0013511a787c5,False,False,False,False,素靥如初,people,http://www.zhihu.com/api/v4/people/c8641c99537a428c99e0013511a787c5,su-ye-ru-chu,people
171,13,0,https://pic1.zhimg.com/5e92c1d0f1d52625a964f809bb1444d4_is.jpg,https://pic1.zhimg.com/5e92c1d0f1d52625a964f809bb1444d4_{size}.jpg,[],281,0,这是新号，也是新的我。,bbdee404554b9ea3cb7e506e7caff89b,False,False,False,False,太太太,people,http://www.zhihu.com/api/v4/people/bbdee404554b9ea3cb7e506e7caff89b,li-zhe-feng-33,people
172,5,0,https://pic4.zhimg.com/v2-c80c3c00a57f62b8ee6455a0ee5483ef_is.jpg,https://pic4.zhimg.com/v2-c80c3c00a57f62b8ee6455a0ee5483ef_{size}.jpg,[],1350,0,PKU计算机 ・ 00年女孩子,d8d1f52846f7b5c9fa81ad6955189dfb,False,False,False,False,胡雅婷,people,http://www.zhihu.com/api/v4/people/d8d1f52846f7b5c9fa81ad6955189dfb,cyan-84,people
173,504,0,https://pic2.zhimg.com/v2-8d013d9b231ce5075a6473bc0ef6c5e5_is.jpg,https://pic2.zhimg.com/v2-8d013d9b231ce5075a6473bc0ef6c5e5_{size}.jpg,[],20821,0,恰好你来 恰好我在,64b5082a0a8f5919906b7d4c41aa3b7a,False,False,False,False,咩咩酱,people,http://www.zhihu.com/api/v4/people/64b5082a0a8f5919906b7d4c41aa3b7a,diandian77,people
174,13,0,https://pic2.zhimg.com/v2-e242d4083e4c23fa00104f81cae8ffc5_is.jpg,https://pic2.zhimg.com/v2-e242d4083e4c23fa00104f81cae8ffc5_{size}.jpg,[],1899,0,好奇又胆小，生人戒备,c9a47a3ceabc22e39142d2d2ca9972db,False,False,False,False,太阳啊,people,http://www.zhihu.com/api/v4/people/c9a47a3ceabc22e39142d2d2ca9972db,lin-ji-3-30,people
175,25,0,https://pic1.zhimg.com/v2-8027be510342185e5a52b811cbf5b434_is.jpg,https://pic1.zhimg.com/v2-8027be510342185e5a52b811cbf5b434_{size}.jpg,[],1016,0,爱党爱国爱人民爱自己,d6cffc4a7b4ebb1d4f7046bb04182e1d,False,False,False,False,蓝二Y,people,http://www.zhihu.com/api/v4/people/d6cffc4a7b4ebb1d4f7046bb04182e1d,luan-xiao-ying-45,people
176,120,0,https://pic1.zhimg.com/v2-b6b94af9852c7258c0b0d6072d8abf90_is.jpg,https://pic1.zhimg.com/v2-b6b94af9852c7258c0b0d6072d8abf90_{size}.jpg,[],5320,0,Smart is another sexy,df6da71446b74c74949a6bc1e9688f0a,False,False,False,False,Peyo Wang,people,http://www.zhihu.com/api/v4/people/df6da71446b74c74949a6bc1e9688f0a,hinspinky,people
177,40,4,https://pic3.zhimg.com/v2-e62d4e14349c160be9066dc00e469ace_is.jpg,https://pic3.zhimg.com/v2-e62d4e14349c160be9066dc00e469ace_{size}.jpg,[],24854,0,性感是毕生追求/Anti-comfort zone/行动派,7cf17c58d976b6e8bf9a51f2d73acb83,False,False,False,False,正能量小书皮,people,http://www.zhihu.com/api/v4/people/7cf17c58d976b6e8bf9a51f2d73acb83,wang-shu-pi-15,people
178,13,2,https://pic2.zhimg.com/v2-2b440dad2c8e7955c068f910a0a78bbd_is.jpg,https://pic2.zhimg.com/v2-2b440dad2c8e7955c068f910a0a78bbd_{size}.jpg,[],33188,0,日常微博:去你的MollyChang 公众号: TravelWithMolly,c3465f2bffb0998551b9c20139eed694,False,False,False,False,MollyChang,people,http://www.zhihu.com/api/v4/people/c3465f2bffb0998551b9c20139eed694,sama-elly,people
179,6,0,https://pic2.zhimg.com/2f5d4c379_is.jpg,https://pic2.zhimg.com/2f5d4c379_{size}.jpg,[],135,0,香喷喷的兔小宝,f18199afa826dddee4c664fd53c2aaa3,False,False,False,False,张安琪,people,http://www.zhihu.com/api/v4/people/f18199afa826dddee4c664fd53c2aaa3,zhang-an-qi-72,people
180,58,30,https://pic2.zhimg.com/v2-b9513d16df90b51a0e989076f1e5eea1_is.jpg,https://pic2.zhimg.com/v2-b9513d16df90b51a0e989076f1e5eea1_{size}.jpg,[],35443,0,枪械战术女教官/远距离精准射手,985a6ae4fd5b0569c4fcd51440014b38,False,False,False,False,女神枪手李七七,people,http://www.zhihu.com/api/v4/people/985a6ae4fd5b0569c4fcd51440014b38,grace-li-18,people
181,105,34,https://pic2.zhimg.com/v2-a43e970db0f6d2696ea0b2e29120cd51_is.jpg,https://pic2.zhimg.com/v2-a43e970db0f6d2696ea0b2e29120cd51_{size}.jpg,[],8852,0,hacker,84214528d70771a0e3e8b45a547e3366,False,False,False,False,Murasaki,people,http://www.zhihu.com/api/v4/people/84214528d70771a0e3e8b45a547e3366,mrsk,people
182,93,0,https://pic4.zhimg.com/v2-8ea34a191d0071d258510e53e2c333ef_is.jpg,https://pic4.zhimg.com/v2-8ea34a191d0071d258510e53e2c333ef_{size}.jpg,[],691,0,微博：七宠Sss,7fe1dad24108334401d9d62ef05d6052,False,False,False,False,一只喵,people,http://www.zhihu.com/api/v4/people/7fe1dad24108334401d9d62ef05d6052,xiao-mei-mei-mei-53,people
183,119,10,https://pic4.zhimg.com/v2-fd2bd6030000d812ffaac9c6c680829b_is.jpg,https://pic4.zhimg.com/v2-fd2bd6030000d812ffaac9c6c680829b_{size}.jpg,[],1820,0,人如其名，野性难驯,1977c41376b470f984f8bd5bd609ea7e,False,False,False,False,野授,people,http://www.zhihu.com/api/v4/people/1977c41376b470f984f8bd5bd609ea7e,kao-yu-mei-zhi,people
184,13,0,https://pic4.zhimg.com/v2-fb62cadd78c83b16f31469c3d304117b_is.jpg,https://pic4.zhimg.com/v2-fb62cadd78c83b16f31469c3d304117b_{size}.jpg,[],4878,0,大学生，爱吃肉，爱穿裙子，爱papapa,e2d186b09116f0db278527b752e4ccfc,False,False,False,False,发条橙子,people,http://www.zhihu.com/api/v4/people/e2d186b09116f0db278527b752e4ccfc,duanzhijun,people
185,8,0,https://pic4.zhimg.com/15cf98e0b67ffa7bd2aa7b1164762d23_is.jpg,https://pic4.zhimg.com/15cf98e0b67ffa7bd2aa7b1164762d23_{size}.jpg,[],7707,0,胸大有脑,03be0e5e3715fcba388f36590e0a39f6,False,False,False,False,BabyCoconutGirl,people,http://www.zhihu.com/api/v4/people/03be0e5e3715fcba388f36590e0a39f6,li-zi-zhu-98-31,people
186,173,0,https://pic3.zhimg.com/v2-589198ca5211b71f6998bbbc9124225a_is.jpg,https://pic3.zhimg.com/v2-589198ca5211b71f6998bbbc9124225a_{size}.jpg,[],18519,0,你散布恶意时就别怪对方加倍反扑。很公平的,ee3cf6444dfdeea98d48404e2b320a50,False,False,False,False,阿舞,people,http://www.zhihu.com/api/v4/people/ee3cf6444dfdeea98d48404e2b320a50,wen-wu-shuang-quan-78,people
187,3,0,https://pic1.zhimg.com/v2-0f0697d2b36142f6210883febe549230_is.jpg,https://pic1.zhimg.com/v2-0f0697d2b36142f6210883febe549230_{size}.jpg,[],1855,0,想约炮的别问微信了，不会约的,49d0c63e491f9d948031d7e748811bb9,False,False,False,False,夏你一跳,people,http://www.zhihu.com/api/v4/people/49d0c63e491f9d948031d7e748811bb9,missssxia,people
188,33,0,https://pic2.zhimg.com/366178d0886dbc7c7e5b61ea62ac1afd_is.jpg,https://pic2.zhimg.com/366178d0886dbc7c7e5b61ea62ac1afd_{size}.jpg,[],117,1,bug maker,9ddb065eb69af49ea5b174de75ebf7a4,False,False,False,False,三井瘦,people,http://www.zhihu.com/api/v4/people/9ddb065eb69af49ea5b174de75ebf7a4,hoho-ho,people
189,84,2,https://pic2.zhimg.com/a45b4585582cde17820c3f410a618c31_is.jpg,https://pic2.zhimg.com/a45b4585582cde17820c3f410a618c31_{size}.jpg,[],166,1,python/挖掘机跨考计算机中,33053c700885f12999884729fc76d1ed,False,False,False,False,丁丁丁,people,http://www.zhihu.com/api/v4/people/33053c700885f12999884729fc76d1ed,ding-ding-red,people
190,21,0,https://pic3.zhimg.com/v2-12e9c6c0d90f2253c77cb8b1333553d2_is.jpg,https://pic3.zhimg.com/v2-12e9c6c0d90f2253c77cb8b1333553d2_{size}.jpg,[],4050,0,及r行,a8cf4f02df6c7916c6a2429b98297c97,False,False,False,False,三女夷太,people,http://www.zhihu.com/api/v4/people/a8cf4f02df6c7916c6a2429b98297c97,chen-xin-61-28,people
191,0,0,https://pic2.zhimg.com/v2-dd95a4c30318d9b98b86c9da6c8e1499_is.jpg,https://pic2.zhimg.com/v2-dd95a4c30318d9b98b86c9da6c8e1499_{size}.jpg,[],168,0,,b4bf193e30a4cfa51edf8ea4903b2dca,False,False,False,False,醒喵喵,people,http://www.zhihu.com/api/v4/people/b4bf193e30a4cfa51edf8ea4903b2dca,liu-da-mei-ren-95,people
192,9,0,https://pic2.zhimg.com/v2-9f31ec5543f8118a930ec90b6ca0d0bd_is.jpg,https://pic2.zhimg.com/v2-9f31ec5543f8118a930ec90b6ca0d0bd_{size}.jpg,[],2761,0,猫！一只有主人的猫！,9700f78604256a855a961fccaf3022ea,False,False,False,False,丁丁猫儿,people,http://www.zhihu.com/api/v4/people/9700f78604256a855a961fccaf3022ea,han-ba-bi-75,people
193,2,0,https://pic3.zhimg.com/v2-20acca5ff2d3651aacf77420e0096116_is.jpg,https://pic3.zhimg.com/v2-20acca5ff2d3651aacf77420e0096116_{size}.jpg,[],3092,0,,11f982d1b59b446af83b85ac6e6a96f4,False,False,False,False,⒖啥,people,http://www.zhihu.com/api/v4/people/11f982d1b59b446af83b85ac6e6a96f4,6ke-72,people
194,45,40,https://pic3.zhimg.com/v2-42c6e800518d622ee7ce53eddc124906_is.jpg,https://pic3.zhimg.com/v2-42c6e800518d622ee7ce53eddc124906_{size}.jpg,[],35410,0,牛交所联合创始人，海归女博士,44bf334bec015e71f5adf0979f2f792f,False,False,False,False,牛姐,people,http://www.zhihu.com/api/v4/people/44bf334bec015e71f5adf0979f2f792f,houhou223,people
195,182,0,https://pic4.zhimg.com/v2-1e4499062257ff59d1ef3e248d97d193_is.jpg,https://pic4.zhimg.com/v2-1e4499062257ff59d1ef3e248d97d193_{size}.jpg,[],7921,0,灵魂丰满，肉体骨感,87e97b6a823b0c663f0408ba7c3755c7,False,False,False,False,星星,people,http://www.zhihu.com/api/v4/people/87e97b6a823b0c663f0408ba7c3755c7,xing-xing-7-33,people
196,19,0,https://pic2.zhimg.com/431cb0056f88778515ea0743eedf49f1_is.jpg,https://pic2.zhimg.com/431cb0056f88778515ea0743eedf49f1_{size}.jpg,[],422,0,想做路边一条肆意奔跑的野狗！,b1eb6e5669013f1a115e79f49697d9f1,False,False,False,False,美,people,http://www.zhihu.com/api/v4/people/b1eb6e5669013f1a115e79f49697d9f1,ke-yu-84-84,people
197,18,10,https://pic4.zhimg.com/v2-adb293d2af95fc84e93eb0bca05b65c7_is.jpg,https://pic4.zhimg.com/v2-adb293d2af95fc84e93eb0bca05b65c7_{size}.jpg,[],16284,1,进击的巨人 全面解读,a549c6e9512b72f16da12a06e4a9f713,False,False,False,False,Sagit Romantic,people,http://www.zhihu.com/api/v4/people/a549c6e9512b72f16da12a06e4a9f713,sagi-romantic,people
198,31,0,https://pic3.zhimg.com/v2-1ec596f14d746f27c9b64197bc649f2a_is.jpg,https://pic3.zhimg.com/v2-1ec596f14d746f27c9b64197bc649f2a_{size}.jpg,[],3568,0,老妓回忆录,55a5f62228a71b26e33fc1efda5d50f5,False,False,False,False,Lolita,people,http://www.zhihu.com/api/v4/people/55a5f62228a71b26e33fc1efda5d50f5,wang-ye-39-27-49,people
199,5,0,https://pic2.zhimg.com/v2-5d1afa0561bdc4fff77771b4714af719_is.jpg,https://pic2.zhimg.com/v2-5d1afa0561bdc4fff77771b4714af719_{size}.jpg,[],150,0,雨过天晴，终要好天气！,c968a62c5a8f5a04e6166bfe8a338f1e,False,False,False,False,从你的全世界浪过,people,http://www.zhihu.com/api/v4/people/c968a62c5a8f5a04e6166bfe8a338f1e,xiao-ge-32-3-86,people
